Title,Company,Location,Posted Date,Job Link
Senior Python Developer,Oracle,Hyderabad,5 Days Ago,https://www.naukri.com/job-listings-senior-python-developer-oracle-india-pvt-ltd-hyderabad-0-to-5-years-250225501236
Python Software Developer,United Techno Info Systems,Chennai(Guindy),2 Days Ago,https://www.naukri.com/job-listings-python-software-developer-united-techno-info-systems-chennai-0-to-1-years-280225017013
Python Developer,Leading Client,Udaipur,2 Days Ago,https://www.naukri.com/job-listings-python-developer-rudr-consultancy-services-udaipur-0-to-2-years-280225921017
Python Software Developer (Training cum Placement Program),Mecton Group of Companies,Chennai,9 Days Ago,https://www.naukri.com/job-listings-python-software-developer-program-mecton-training-and-technical-services-chennai-0-to-1-years-281224007700
Python Developer Job,Yash Technologies,Bengaluru,11 Days Ago,https://www.naukri.com/job-listings-python-developer-yash-technologies-pvt-ltd-bengaluru-0-to-6-years-190225500129
Python Software Developer,Intelliinsights Software,New Delhi,13 Days Ago,https://www.naukri.com/job-listings-python-software-developer-intelliinsights-software-pvt-ltd-new-delhi-0-to-1-years-170225504976
Python Developer,Rashmi Chourasiya,Pune,6 Days Ago,https://www.naukri.com/job-listings-python-developer-rashmi-chourasiya-pune-0-to-1-years-240225004452
Python Data Analyst,MSCI Services,Mumbai,10 Days Ago,https://www.naukri.com/job-listings-python-data-analyst-msci-mumbai-0-to-5-years-200225502997
Python Developer,Bonami Software,Noida(Sector-63 Noida),8 Days Ago,https://www.naukri.com/job-listings-python-developer-bonami-software-noida-0-to-2-years-220225009589
Python Developer,Simson Softwares,Mohali,2 Days Ago,https://www.naukri.com/job-listings-python-developer-simson-softwares-mohali-0-to-2-years-280225011478
Fresher Python Developer | Immediate Openings! | Chennai,JTS Jobs Consultancy,Chennai,1 Day Ago,https://www.naukri.com/job-listings-fresher-python-developer-immediate-openings-chennai-jts-jobs-consultancy-chennai-0-to-1-years-220225006953
Python Developer,Acciojob,"Mumbai, Pune",9 Days Ago,https://www.naukri.com/job-listings-python-developer-acciojob-mumbai-pune-0-to-2-years-210225020261
Python Software Developer,Confidential,"Hybrid - Pune, Bengaluru",13 Days Ago,https://www.naukri.com/job-listings-python-software-developer-smart-placement-services-pune-bengaluru-0-to-1-years-170225012348
Python Developer,Appzlogic,"Kolkata, Mumbai, New Delhi, Hyderabad, Pune, Chennai, Bengaluru",30+ Days Ago,https://www.naukri.com/job-listings-python-developer-appzlogic-mobility-solutions-pvt-ltd-kolkata-mumbai-new-delhi-hyderabad-pune-chennai-bengaluru-0-to-3-years-121124502854
Python Developer,Capgemini,Bengaluru,26 Days Ago,https://www.naukri.com/job-listings-python-developer-capgemini-technology-services-india-limited-bengaluru-0-to-4-years-040225910989
Python Data Science Trainer,Galtech,Thrissur,9 Days Ago,https://www.naukri.com/job-listings-python-data-science-trainer-galtech-thrissur-0-to-1-years-210225500070
Software Developer (Java or Python Developer),Mediafirewall Inc,Bengaluru(HSR Layout),30+ Days Ago,https://www.naukri.com/job-listings-software-developer-java-or-python-developer-mediafirewall-inc-bengaluru-0-to-0-years-290125005886
Python Developer Internship,Innovatexiq Solutions,Hyderabad,16 Days Ago,https://www.naukri.com/job-listings-python-developer-internship-innovatexiq-solutions-hyderabad-0-to-1-years-140225500858
Python Developer,Fusion Plus Solutions,Hyderabad,16 Days Ago,https://www.naukri.com/job-listings-python-developer-fusion-plus-solutions-inc-hyderabad-0-to-5-years-140225502280
Python Developer,Fusion Plus Solutions,Hyderabad,30+ Days Ago,https://www.naukri.com/job-listings-python-developer-fusion-plus-solutions-inc-hyderabad-0-to-5-years-270323502562
